,,
,,
courses
 1
 2
 3
 4
 5
 6
 7
 8
 9
 10
 11
 12
 13
 14
 15
 16
 17
 18
 19
 20
 21
 22
 23
 24
 25
 26
 27
 28
 29
 30
 31
 32
 33
 34
 35
 36
 37
 38
 39
 40
 41
 42
 43
 44
 45
 46
 47
 48
 49
 50
 51
 52
 53
 54
 55
 56
 57
students
1
2
3
4
5
6
7
8
9
10
11
12
13
14
15
16
17
18
19
20
21
22
23
24
25
26
27
28
29
30
31
32
33
34
35
36
37
38
39
40
41
42
43
44
45
46
47
48
49
50
51
52
53
54
55
56
57
58
59
60
61
62
63
64
65
66
67
68
69
70
71
72
73
74
75
76
77
78
79
80
81
82
83
84
85
86
87
88
89
90
91
92
93
94
95
96
97
98
99
100
101
102
103
104
105
106
107
108
109
110
111
112
113
114
115
116
117
118
119
120
121
122
123
124
125
126
127
128
129
130
131
132
133
134
135
136
137
138
139
140
141
142
143
144
145
146
147
148
149
150
151
152
153
154
155
156
157
158
159
160
161
162
163
164
165
166
167
168
169
170
171
172
173
174
175
176
177
178
179
180
181
182
183
184
185
186
187
188
189
190
191
192
193
194
195
196
197
198
199
200
201
202
203
204
205
206
207
208
209
210
211
212
213
214
215
216
217
218
219
220
221
222
223
224
225
226
227
228
229
230
231
232
233
234
235
236
237
238
239
240
241
242
243
244
245
246
247
248
249
250
251
252
253
254
255
256
257
258
259
260
261
262
263
264
265
266
267
268
269
270
271
272
273
274
275
276
277
278
279
280
281
282
283
284
285
286
287
288
289
290
291
292
293
294
295
296
297
298
299
300
301
302
303
304
305
306
307
308
309
310
311
312
313
314
315
316
317
318
319
320
321
322
323
324
325
326
327
328
329
330
331
332
333
334
335
336
337
338
339
340
341
342
343
344
345
346
347
348
349
350
351
352
353
354
355
356
357
358
359
360
361
362
363
364
365
366
367
368
369
370
371
372
373
374
375
376
377
378
379
380
381
382
383
384
385
386
387
388
389
390
391
392
393
394
395
396
397
398
399
400
401
402
403
404
405
406
407
408
409
410
411
412
413
414
415
416
417
418
419
420
421
422
423
424
425
426
427
428
429
430
431
432
433
434
435
436
437
438
439
440
441
442
443
444
445
446
447
448
449
450
451
452
453
454
455
456
457
458
459
460
461
462
463
464
465
466
467
468
469
470
471
472
473
474
475
476
477
478
479
480
481
482
483
484
485
486
487
488
489
490
491
492
493
494
495
496
497
498
499
500
501
502
503
504
505
506
507
508
509
510
511
512
513
514
515
516
517
518
519
520
521
522
523
524
525
526
527
528
529
530
531
532
533
534
535
536
537
538
539
540
541
542
543
544
545
546
547
548
549
550
551
552
553
554
555
556
557
558
559
560
561
562
563
564
565
566
567
568
569
570
571
572
573
574
575
576
577
578
579
580
i,k,"b(i, k)"
 1,2,1
 1,4,1
 2,1,1
 2,3,1
 3,2,1
 3,4,1
 4,2,1
 4,4,1
 5,1,1
 5,3,1
 6,2,1
 6,4,1
 7,1,1
 7,3,1
 8,1,1
 8,3,1
 9,1,1
 9,3,1
 10,1,1
 10,3,1
 11,2,1
 11,4,1
 12,2,1
 12,4,1
 13,2,1
 13,4,1
 14,1,1
 14,3,1
 15,2,1
 15,4,1
 16,2,1
 16,4,1
 17,2,1
 17,4,1
 18,1,1
 18,3,1
 19,1,1
 19,3,1
 20,1,1
 20,3,1
 21,2,1
 21,4,1
 22,1,1
 23,1,1
 24,1,1
 25,3,1
 26,3,1
 27,2,1
 27,4,1
 28,1,1
 28,3,1
 29,1,1
 29,3,1
 30,1,1
 30,3,1
 31,1,1
 31,3,1
 32,2,1
 32,4,1
 33,2,1
 33,4,1
 34,2,1
 34,4,1
 35,2,1
 35,4,1
 36,2,1
 36,4,1
 37,1,1
 37,3,1
 38,2,1
 38,4,1
 39,2,1
 39,4,1
 40,1,1
 40,3,1
 41,2,1
 41,4,1
 42,1,1
 42,3,1
 43,2,1
 43,4,1
 44,1,1
 44,3,1
 45,1,1
 45,3,1
 46,1,1
 46,3,1
 47,1,1
 47,3,1
 48,1,1
 49,3,1
 50,2,1
 50,4,1
 51,1,1
 51,3,1
 52,2,1
 52,4,1
 53,2,1
 53,4,1
 54,1,1
 54,3,1
 55,2,1
 55,4,1
 56,2,1
 56,4,1
 57,1,1
 57,3,1
i,j,"a(i, j)"
 25,1,1
 47,1,1
 26,2,1
 46,2,1
 23,3,1
 47,3,1
 23,4,1
 47,4,1
 24,5,1
 47,5,1
 24,6,1
 45,6,1
 24,7,1
 45,7,1
 24,8,1
 45,8,1
 24,9,1
 45,9,1
 24,10,1
 45,10,1
 24,11,1
 45,11,1
 24,12,1
 45,12,1
 24,13,1
 45,13,1
 24,14,1
 45,14,1
 24,15,1
 45,15,1
 24,16,1
 45,16,1
 24,17,1
 45,17,1
 24,18,1
 45,18,1
 24,19,1
 45,19,1
 24,20,1
 45,20,1
 24,21,1
 45,21,1
 24,22,1
 45,22,1
 24,23,1
 45,23,1
 24,24,1
 45,24,1
 24,25,1
 45,25,1
 24,26,1
 45,26,1
 24,27,1
 45,27,1
 24,28,1
 54,28,1
 8,28,1
 56,28,1
 11,28,1
 43,28,1
 24,29,1
 45,29,1
 26,30,1
 45,30,1
 24,31,1
 45,31,1
 24,32,1
 45,32,1
 24,33,1
 45,33,1
 24,34,1
 45,34,1
 25,35,1
 46,35,1
 25,36,1
 46,36,1
 25,37,1
 46,37,1
 25,38,1
 46,38,1
 25,39,1
 46,39,1
 25,40,1
 46,40,1
 25,41,1
 46,41,1
 23,42,1
 44,42,1
 23,43,1
 44,43,1
 23,44,1
 44,44,1
 23,45,1
 44,45,1
 23,46,1
 44,46,1
 23,47,1
 44,47,1
 23,48,1
 44,48,1
 23,49,1
 44,49,1
 23,50,1
 44,50,1
 23,51,1
 44,51,1
 23,52,1
 44,52,1
 23,53,1
 44,53,1
 23,54,1
 44,54,1
 23,55,1
 44,55,1
 23,56,1
 44,56,1
 23,57,1
 44,57,1
 23,58,1
 44,58,1
 23,59,1
 44,59,1
 23,60,1
 44,60,1
 23,61,1
 44,61,1
 23,62,1
 44,62,1
 23,63,1
 44,63,1
 23,64,1
 44,64,1
 24,65,1
 44,65,1
 23,66,1
 44,66,1
 23,67,1
 44,67,1
 23,68,1
 44,68,1
 23,69,1
 44,69,1
 23,70,1
 44,70,1
 24,71,1
 45,71,1
 26,72,1
 47,72,1
 25,73,1
 46,73,1
 25,74,1
 46,74,1
 25,75,1
 46,75,1
 25,76,1
 46,76,1
 25,77,1
 46,77,1
 25,78,1
 46,78,1
 25,79,1
 46,79,1
 25,80,1
 46,80,1
 25,81,1
 46,81,1
 25,82,1
 46,82,1
 25,83,1
 46,83,1
 25,84,1
 46,84,1
 25,85,1
 46,85,1
 25,86,1
 46,86,1
 25,87,1
 46,87,1
 25,88,1
 46,88,1
 25,89,1
 46,89,1
 25,90,1
 46,90,1
 25,91,1
 46,91,1
 25,92,1
 46,92,1
 25,93,1
 46,93,1
 26,94,1
 47,94,1
 26,95,1
 47,95,1
 26,96,1
 47,96,1
 26,97,1
 47,97,1
 26,98,1
 47,98,1
 26,99,1
 47,99,1
 26,100,1
 47,100,1
 26,101,1
 47,101,1
 26,102,1
 47,102,1
 26,103,1
 47,103,1
 26,104,1
 47,104,1
 26,105,1
 47,105,1
 26,106,1
 47,106,1
 26,107,1
 47,107,1
 26,108,1
 47,108,1
 26,109,1
 47,109,1
 26,110,1
 47,110,1
 26,111,1
 47,111,1
 26,112,1
 47,112,1
 26,113,1
 47,113,1
 26,114,1
 47,114,1
 26,115,1
 47,115,1
 26,116,1
 47,116,1
 26,117,1
 47,117,1
 26,118,1
 47,118,1
 26,119,1
 47,119,1
 24,120,1
 47,120,1
 26,121,1
 47,121,1
 48,122,1
 11,122,1
 43,122,1
 34,123,1
 29,123,1
 9,123,1
 34,124,1
 28,124,1
 9,124,1
 11,124,1
 29,125,1
 9,125,1
 43,125,1
 53,126,1
 11,126,1
 6,126,1
 53,127,1
 49,127,1
 11,127,1
 53,128,1
 42,128,1
 9,128,1
 56,128,1
 34,129,1
 29,129,1
 9,129,1
 56,129,1
 19,129,1
 54,130,1
 49,130,1
 43,130,1
 34,131,1
 28,131,1
 9,131,1
 5,131,1
 54,132,1
 42,132,1
 48,132,1
 11,132,1
 43,132,1
 54,133,1
 42,133,1
 9,133,1
 11,133,1
 43,133,1
 34,134,1
 28,134,1
 8,134,1
 56,134,1
 5,134,1
 34,135,1
 29,135,1
 48,135,1
 53,136,1
 9,136,1
 5,136,1
 15,137,1
 54,137,1
 8,137,1
 11,137,1
 43,137,1
 29,138,1
 5,138,1
 53,139,1
 9,139,1
 5,139,1
 34,140,1
 28,140,1
 11,140,1
 6,140,1
 34,141,1
 29,141,1
 56,141,1
 11,141,1
 29,142,1
 49,142,1
 4,142,1
 28,143,1
 8,143,1
 56,143,1
 34,144,1
 28,144,1
 56,144,1
 5,144,1
 34,145,1
 29,145,1
 9,145,1
 11,145,1
 5,145,1
 15,146,1
 54,146,1
 8,146,1
 11,146,1
 43,146,1
 34,147,1
 29,147,1
 9,147,1
 34,148,1
 29,148,1
 11,148,1
 6,148,1
 28,149,1
 56,149,1
 11,149,1
 53,150,1
 48,150,1
 11,150,1
 6,150,1
 18,150,1
 54,151,1
 56,151,1
 11,151,1
 43,151,1
 34,152,1
 29,152,1
 56,152,1
 11,152,1
 5,152,1
 29,153,1
 49,153,1
 4,153,1
 53,154,1
 56,154,1
 6,154,1
 18,154,1
 34,155,1
 28,155,1
 56,155,1
 5,155,1
 53,156,1
 9,156,1
 56,156,1
 11,156,1
 5,156,1
 34,157,1
 29,157,1
 56,157,1
 5,157,1
 53,158,1
 29,158,1
 48,158,1
 34,159,1
 28,159,1
 19,159,1
 34,160,1
 29,160,1
 5,160,1
 34,161,1
 28,161,1
 9,161,1
 56,161,1
 34,162,1
 29,162,1
 56,162,1
 4,162,1
 34,163,1
 28,163,1
 56,163,1
 5,163,1
 29,164,1
 3,164,1
 9,164,1
 6,164,1
 29,165,1
 5,165,1
 34,166,1
 29,166,1
 56,166,1
 5,166,1
 34,167,1
 29,167,1
 9,167,1
 5,167,1
 29,168,1
 9,168,1
 5,168,1
 34,169,1
 28,169,1
 9,169,1
 53,170,1
 48,170,1
 11,170,1
 6,170,1
 18,170,1
 34,171,1
 28,171,1
 9,171,1
 4,171,1
 34,172,1
 28,172,1
 56,172,1
 53,173,1
 48,173,1
 8,173,1
 56,173,1
 11,173,1
 34,174,1
 29,174,1
 9,174,1
 56,174,1
 11,174,1
 34,175,1
 29,175,1
 5,175,1
 15,176,1
 29,176,1
 6,176,1
 18,176,1
 34,177,1
 29,177,1
 9,177,1
 11,177,1
 15,178,1
 34,178,1
 29,178,1
 9,178,1
 34,179,1
 28,179,1
 5,179,1
 53,180,1
 9,180,1
 56,180,1
 6,180,1
 34,181,1
 29,181,1
 56,181,1
 6,181,1
 55,181,1
 34,182,1
 29,182,1
 3,182,1
 49,182,1
 11,182,1
 34,183,1
 29,183,1
 9,183,1
 56,183,1
 6,183,1
 25,184,1
 2,184,1
 49,184,1
 44,184,1
 54,185,1
 56,185,1
 43,185,1
 6,185,1
 54,186,1
 42,186,1
 11,186,1
 43,186,1
 55,186,1
 53,187,1
 7,187,1
 9,187,1
 11,187,1
 12,187,1
 6,187,1
 7,188,1
 11,188,1
 6,188,1
 11,189,1
 43,189,1
 53,190,1
 9,190,1
 56,190,1
 6,190,1
 55,190,1
 34,191,1
 28,191,1
 9,191,1
 55,191,1
 4,191,1
 40,192,1
 48,192,1
 7,192,1
 4,192,1
 20,192,1
 28,193,1
 9,193,1
 11,193,1
 6,193,1
 15,194,1
 53,194,1
 7,194,1
 6,194,1
 20,194,1
 7,195,1
 9,195,1
 56,195,1
 19,195,1
 55,195,1
 20,195,1
 53,196,1
 48,196,1
 8,196,1
 56,196,1
 5,196,1
 47,197,1
 9,197,1
 11,197,1
 6,197,1
 15,198,1
 34,198,1
 29,198,1
 40,199,1
 7,199,1
 12,199,1
 6,199,1
 20,199,1
 28,200,1
 8,200,1
 56,200,1
 5,200,1
 34,201,1
 28,201,1
 9,201,1
 56,201,1
 5,201,1
 53,202,1
 42,202,1
 48,202,1
 8,202,1
 56,202,1
 9,203,1
 56,203,1
 11,203,1
 6,203,1
 53,204,1
 7,204,1
 11,204,1
 6,204,1
 55,204,1
 9,205,1
 11,205,1
 43,205,1
 6,205,1
 55,205,1
 9,206,1
 56,206,1
 5,206,1
 19,206,1
 55,206,1
 53,207,1
 42,207,1
 8,207,1
 6,207,1
 42,208,1
 7,208,1
 12,208,1
 6,208,1
 20,208,1
 29,209,1
 48,209,1
 11,209,1
 55,209,1
 53,210,1
 5,210,1
 34,211,1
 29,211,1
 5,211,1
 53,212,1
 9,212,1
 5,212,1
 55,212,1
 4,212,1
 42,213,1
 7,213,1
 12,213,1
 6,213,1
 20,213,1
 44,214,1
 7,214,1
 11,214,1
 12,214,1
 55,214,1
 20,214,1
 42,215,1
 7,215,1
 11,215,1
 43,215,1
 55,215,1
 20,215,1
 53,216,1
 7,216,1
 9,216,1
 12,216,1
 5,216,1
 29,217,1
 9,217,1
 56,217,1
 6,217,1
 42,218,1
 7,218,1
 12,218,1
 6,218,1
 55,218,1
 20,218,1
 44,219,1
 9,219,1
 5,219,1
 4,219,1
 46,220,1
 9,220,1
 5,220,1
 34,221,1
 29,221,1
 7,221,1
 9,221,1
 11,221,1
 6,221,1
 54,222,1
 37,222,1
 56,222,1
 11,222,1
 43,222,1
 55,222,1
 7,223,1
 9,223,1
 56,223,1
 11,223,1
 6,223,1
 29,224,1
 56,224,1
 43,224,1
 28,225,1
 7,225,1
 12,225,1
 5,225,1
 7,226,1
 9,226,1
 12,226,1
 4,226,1
 20,226,1
 54,227,1
 43,227,1
 29,228,1
 9,228,1
 5,228,1
 55,228,1
 37,229,1
 7,229,1
 9,229,1
 56,229,1
 5,229,1
 55,229,1
 4,229,1
 7,230,1
 9,230,1
 11,230,1
 5,230,1
 55,230,1
 40,231,1
 43,231,1
 54,232,1
 48,232,1
 43,232,1
 53,233,1
 42,233,1
 9,233,1
 5,233,1
 11,234,1
 43,234,1
 24,235,1
 54,235,1
 22,235,1
 3,235,1
 49,235,1
 11,235,1
 43,235,1
 26,236,1
 54,236,1
 22,236,1
 42,236,1
 11,236,1
 43,236,1
 26,237,1
 22,237,1
 42,237,1
 49,237,1
 11,237,1
 43,237,1
 55,237,1
 26,238,1
 22,238,1
 42,238,1
 3,238,1
 11,238,1
 43,238,1
 55,238,1
 54,239,1
 9,239,1
 56,239,1
 11,239,1
 43,239,1
 24,240,1
 54,240,1
 22,240,1
 3,240,1
 11,240,1
 43,240,1
 34,241,1
 31,241,1
 8,241,1
 56,241,1
 11,241,1
 6,241,1
 33,242,1
 3,242,1
 5,242,1
 4,242,1
 30,242,1
 34,243,1
 3,243,1
 31,243,1
 5,243,1
 4,243,1
 52,243,1
 34,244,1
 31,244,1
 8,244,1
 5,244,1
 18,244,1
 4,244,1
 34,245,1
 28,245,1
 9,245,1
 56,245,1
 5,245,1
 15,246,1
 34,246,1
 57,246,1
 31,246,1
 5,246,1
 27,246,1
 51,246,1
 34,247,1
 14,247,1
 28,247,1
 30,248,1
 57,249,1
 3,249,1
 4,249,1
 30,249,1
 51,249,1
 25,250,1
 46,250,1
 53,251,1
 3,252,1
 29,253,1
 34,254,1
 31,254,1
 5,254,1
 18,254,1
 27,254,1
 33,255,1
 57,255,1
 14,255,1
 22,255,1
 3,255,1
 19,255,1
 15,256,1
 32,256,1
 22,256,1
 8,256,1
 27,256,1
 52,256,1
 29,257,1
 7,257,1
 6,257,1
 33,258,1
 14,258,1
 3,258,1
 35,258,1
 52,258,1
 13,259,1
 42,259,1
 3,259,1
 31,259,1
 5,259,1
 33,260,1
 50,260,1
 14,260,1
 56,260,1
 19,260,1
 55,260,1
 2,261,1
 13,261,1
 14,261,1
 9,261,1
 11,261,1
 28,262,1
 56,262,1
 43,262,1
 5,262,1
 33,263,1
 34,263,1
 42,263,1
 8,263,1
 12,263,1
 51,263,1
 56,264,1
 5,264,1
 4,264,1
 51,264,1
 2,265,1
 13,265,1
 14,265,1
 31,265,1
 4,265,1
 13,266,1
 3,266,1
 19,266,1
 4,266,1
 51,266,1
 2,267,1
 34,267,1
 28,267,1
 3,267,1
 7,267,1
 34,268,1
 31,268,1
 5,268,1
 30,268,1
 34,269,1
 13,269,1
 3,269,1
 31,269,1
 30,269,1
 33,270,1
 14,270,1
 42,270,1
 31,270,1
 4,270,1
 56,271,1
 11,271,1
 5,271,1
 18,271,1
 27,271,1
 34,272,1
 13,272,1
 3,272,1
 31,272,1
 8,272,1
 57,273,1
 31,273,1
 27,273,1
 55,273,1
 51,273,1
 33,274,1
 57,274,1
 31,274,1
 7,274,1
 19,274,1
 28,275,1
 5,275,1
 27,275,1
 33,276,1
 57,276,1
 13,276,1
 14,276,1
 49,276,1
 18,276,1
 54,277,1
 5,277,1
 27,277,1
 33,278,1
 57,278,1
 14,278,1
 3,278,1
 49,278,1
 18,278,1
 2,279,1
 13,279,1
 14,279,1
 9,279,1
 56,279,1
 11,279,1
 33,280,1
 34,280,1
 57,280,1
 5,280,1
 33,281,1
 34,281,1
 9,281,1
 4,281,1
 30,281,1
 33,282,1
 3,282,1
 9,282,1
 4,282,1
 30,282,1
 33,283,1
 57,283,1
 48,283,1
 8,283,1
 56,283,1
 5,283,1
 33,284,1
 13,284,1
 14,284,1
 42,284,1
 3,284,1
 31,284,1
 33,285,1
 34,285,1
 42,285,1
 3,285,1
 49,285,1
 7,285,1
 57,286,1
 13,286,1
 14,286,1
 48,286,1
 19,286,1
 27,286,1
 33,287,1
 13,287,1
 22,287,1
 42,287,1
 19,287,1
 33,288,1
 13,288,1
 14,288,1
 31,288,1
 30,288,1
 34,289,1
 42,289,1
 49,289,1
 5,289,1
 18,289,1
 33,290,1
 42,290,1
 31,290,1
 5,290,1
 4,290,1
 33,291,1
 3,291,1
 31,291,1
 4,291,1
 30,291,1
 50,292,1
 14,292,1
 42,292,1
 3,292,1
 31,292,1
 30,292,1
 51,292,1
 33,293,1
 14,293,1
 22,293,1
 3,293,1
 8,293,1
 55,293,1
 33,294,1
 57,294,1
 14,294,1
 3,294,1
 31,294,1
 19,294,1
 34,295,1
 57,295,1
 22,295,1
 40,295,1
 5,295,1
 33,296,1
 57,296,1
 1,296,1
 14,296,1
 22,296,1
 3,296,1
 35,296,1
 33,297,1
 13,297,1
 37,297,1
 9,297,1
 19,297,1
 33,298,1
 57,298,1
 14,298,1
 22,298,1
 3,298,1
 33,299,1
 34,299,1
 1,299,1
 22,299,1
 8,299,1
 5,299,1
 33,300,1
 34,300,1
 8,300,1
 12,300,1
 51,300,1
 33,301,1
 15,301,1
 34,301,1
 31,301,1
 52,301,1
 42,302,1
 31,302,1
 11,302,1
 27,302,1
 28,303,1
 56,303,1
 5,303,1
 27,303,1
 57,304,1
 13,304,1
 14,304,1
 22,304,1
 4,304,1
 30,304,1
 23,305,1
 33,305,1
 54,305,1
 13,305,1
 5,305,1
 30,305,1
 2,306,1
 34,306,1
 13,306,1
 31,306,1
 30,306,1
 33,307,1
 34,307,1
 14,307,1
 30,307,1
 51,307,1
 33,308,1
 57,308,1
 14,308,1
 22,308,1
 3,308,1
 8,308,1
 33,309,1
 14,309,1
 42,309,1
 35,309,1
 31,309,1
 30,309,1
 51,309,1
 33,310,1
 57,310,1
 14,310,1
 31,310,1
 30,310,1
 51,310,1
 14,311,1
 42,311,1
 8,311,1
 51,311,1
 33,312,1
 13,312,1
 14,312,1
 22,312,1
 42,312,1
 30,312,1
 33,313,1
 57,313,1
 14,313,1
 3,313,1
 31,313,1
 19,313,1
 25,314,1
 44,314,1
 10,315,1
 12,315,1
 6,315,1
 16,315,1
 34,316,1
 50,316,1
 14,316,1
 31,316,1
 8,316,1
 12,316,1
 52,316,1
 10,317,1
 17,317,1
 21,317,1
 36,317,1
 28,317,1
 8,317,1
 41,317,1
 13,318,1
 17,318,1
 14,318,1
 12,318,1
 5,318,1
 16,318,1
 30,318,1
 13,319,1
 12,319,1
 5,319,1
 32,320,1
 28,320,1
 7,320,1
 12,320,1
 5,320,1
 10,321,1
 13,321,1
 42,321,1
 8,321,1
 16,321,1
 53,322,1
 42,322,1
 8,322,1
 5,322,1
 55,322,1
 37,323,1
 7,323,1
 12,323,1
 6,323,1
 10,324,1
 13,324,1
 21,324,1
 22,324,1
 16,324,1
 4,324,1
 39,325,1
 10,325,1
 22,325,1
 28,325,1
 37,325,1
 16,325,1
 39,326,1
 10,326,1
 46,326,1
 8,326,1
 56,326,1
 4,326,1
 21,327,1
 14,327,1
 22,327,1
 8,327,1
 16,327,1
 20,327,1
 24,328,1
 13,328,1
 42,328,1
 49,328,1
 7,328,1
 8,328,1
 4,328,1
 13,329,1
 21,329,1
 14,329,1
 22,329,1
 19,329,1
 20,329,1
 7,330,1
 8,330,1
 12,330,1
 55,330,1
 4,330,1
 10,331,1
 17,331,1
 41,331,1
 16,331,1
 52,331,1
 10,332,1
 54,332,1
 32,332,1
 4,332,1
 15,333,1
 53,333,1
 7,333,1
 8,333,1
 34,334,1
 28,334,1
 8,334,1
 11,334,1
 5,334,1
 10,335,1
 13,335,1
 28,335,1
 16,335,1
 55,335,1
 10,336,1
 21,336,1
 22,336,1
 28,336,1
 8,336,1
 55,336,1
 48,337,1
 7,337,1
 12,337,1
 28,338,1
 7,338,1
 11,338,1
 6,338,1
 10,339,1
 17,339,1
 22,339,1
 29,339,1
 12,339,1
 39,340,1
 53,340,1
 42,340,1
 12,340,1
 5,340,1
 55,340,1
 15,341,1
 28,341,1
 7,341,1
 6,341,1
 45,342,1
 7,342,1
 11,342,1
 12,342,1
 6,342,1
 8,343,1
 12,343,1
 16,343,1
 20,343,1
 10,344,1
 14,344,1
 28,344,1
 8,344,1
 12,344,1
 41,344,1
 10,345,1
 13,345,1
 17,345,1
 21,345,1
 44,345,1
 16,345,1
 22,346,1
 42,346,1
 12,346,1
 41,346,1
 16,346,1
 20,346,1
 10,347,1
 38,347,1
 13,347,1
 21,347,1
 48,347,1
 16,347,1
 4,347,1
 15,348,1
 22,348,1
 16,348,1
 10,349,1
 15,349,1
 53,349,1
 22,349,1
 37,349,1
 11,349,1
 10,350,1
 34,350,1
 21,350,1
 14,350,1
 16,350,1
 34,351,1
 50,351,1
 14,351,1
 3,351,1
 31,351,1
 52,351,1
 15,352,1
 57,352,1
 31,352,1
 7,352,1
 5,352,1
 19,352,1
 56,353,1
 18,353,1
 20,353,1
 15,354,1
 53,354,1
 7,354,1
 5,354,1
 4,354,1
 10,355,1
 15,355,1
 53,355,1
 22,355,1
 16,355,1
 4,355,1
 17,356,1
 36,356,1
 14,356,1
 22,356,1
 20,356,1
 13,357,1
 17,357,1
 29,357,1
 12,357,1
 16,357,1
 17,358,1
 22,358,1
 37,358,1
 12,358,1
 16,358,1
 10,359,1
 1,359,1
 28,359,1
 8,359,1
 16,359,1
 34,360,1
 13,360,1
 22,360,1
 28,360,1
 34,361,1
 50,361,1
 22,361,1
 3,361,1
 55,361,1
 10,362,1
 21,362,1
 48,362,1
 8,362,1
 4,362,1
 57,363,1
 14,363,1
 3,363,1
 31,363,1
 19,363,1
 21,364,1
 36,364,1
 28,364,1
 40,364,1
 8,364,1
 20,364,1
 13,365,1
 22,365,1
 3,365,1
 35,365,1
 49,365,1
 7,365,1
 20,365,1
 22,366,1
 8,366,1
 56,366,1
 43,366,1
 10,367,1
 14,367,1
 22,367,1
 8,367,1
 12,367,1
 10,368,1
 38,368,1
 37,368,1
 16,368,1
 50,369,1
 3,369,1
 31,369,1
 55,369,1
 51,369,1
 32,370,1
 17,370,1
 22,370,1
 49,370,1
 20,370,1
 51,370,1
 33,371,1
 14,371,1
 42,371,1
 3,371,1
 35,371,1
 48,371,1
 51,371,1
 33,372,1
 14,372,1
 42,372,1
 3,372,1
 35,372,1
 48,372,1
 19,372,1
 33,373,1
 31,373,1
 12,373,1
 6,373,1
 30,373,1
 32,374,1
 40,374,1
 41,374,1
 34,375,1
 22,375,1
 42,375,1
 3,375,1
 5,375,1
 19,375,1
 33,376,1
 34,376,1
 3,376,1
 30,376,1
 51,376,1
 34,377,1
 33,378,1
 3,378,1
 31,378,1
 55,378,1
 35,379,1
 30,379,1
 31,380,1
 13,381,1
 38,382,1
 42,382,1
 31,382,1
 40,382,1
 12,382,1
 27,382,1
 38,383,1
 42,383,1
 31,383,1
 30,383,1
 35,384,1
 40,384,1
 55,384,1
 30,384,1
 51,384,1
 33,385,1
 13,385,1
 56,385,1
 19,385,1
 4,385,1
 33,386,1
 50,386,1
 14,386,1
 22,386,1
 3,386,1
 52,386,1
 34,387,1
 28,387,1
 31,387,1
 27,387,1
 33,388,1
 13,388,1
 14,388,1
 22,388,1
 42,388,1
 56,388,1
 55,388,1
 34,389,1
 35,389,1
 37,389,1
 48,389,1
 33,390,1
 14,390,1
 35,390,1
 31,390,1
 30,390,1
 20,390,1
 33,391,1
 14,391,1
 9,391,1
 30,391,1
 51,391,1
 33,392,1
 14,392,1
 22,392,1
 42,392,1
 3,392,1
 19,392,1
 33,393,1
 14,393,1
 42,393,1
 3,393,1
 51,393,1
 33,394,1
 38,394,1
 13,394,1
 14,394,1
 3,394,1
 35,394,1
 49,394,1
 7,394,1
 13,395,1
 3,395,1
 4,395,1
 51,395,1
 9,396,1
 5,396,1
 18,396,1
 27,396,1
 33,397,1
 34,397,1
 42,397,1
 31,397,1
 40,397,1
 8,397,1
 34,398,1
 14,398,1
 19,398,1
 4,398,1
 50,399,1
 42,399,1
 3,399,1
 55,399,1
 51,399,1
 13,400,1
 14,400,1
 42,400,1
 31,400,1
 19,400,1
 33,401,1
 50,401,1
 14,401,1
 55,401,1
 51,401,1
 33,402,1
 14,402,1
 22,402,1
 35,402,1
 18,402,1
 30,402,1
 2,403,1
 34,403,1
 31,403,1
 8,403,1
 6,403,1
 33,404,1
 3,404,1
 5,404,1
 55,404,1
 4,404,1
 33,405,1
 22,405,1
 3,405,1
 19,405,1
 33,406,1
 1,406,1
 14,406,1
 42,406,1
 35,406,1
 33,407,1
 57,407,1
 3,407,1
 40,407,1
 9,407,1
 4,407,1
 40,408,1
 48,408,1
 45,408,1
 3,409,1
 35,409,1
 40,409,1
 55,409,1
 38,410,1
 13,410,1
 3,410,1
 35,410,1
 55,410,1
 33,411,1
 14,411,1
 42,411,1
 3,411,1
 48,411,1
 4,411,1
 14,412,1
 42,412,1
 3,412,1
 31,412,1
 51,412,1
 14,413,1
 31,413,1
 19,413,1
 27,413,1
 33,414,1
 37,414,1
 19,414,1
 51,414,1
 3,415,1
 40,415,1
 30,415,1
 50,416,1
 52,416,1
 33,417,1
 14,417,1
 35,417,1
 19,417,1
 13,418,1
 3,418,1
 37,418,1
 48,418,1
 19,418,1
 33,419,1
 3,419,1
 35,419,1
 19,419,1
 42,420,1
 3,420,1
 40,420,1
 48,420,1
 33,421,1
 40,421,1
 19,421,1
 51,421,1
 50,422,1
 42,422,1
 31,422,1
 19,422,1
 55,422,1
 57,423,1
 32,423,1
 14,423,1
 22,423,1
 51,423,1
 33,424,1
 3,424,1
 35,424,1
 19,424,1
 50,425,1
 19,425,1
 55,425,1
 38,426,1
 50,426,1
 32,426,1
 22,426,1
 30,426,1
 52,426,1
 57,427,1
 13,427,1
 35,427,1
 31,427,1
 37,427,1
 55,427,1
 15,428,1
 14,428,1
 35,428,1
 51,428,1
 33,429,1
 14,429,1
 3,429,1
 48,429,1
 19,429,1
 55,429,1
 50,430,1
 37,430,1
 49,430,1
 50,431,1
 50,432,1
 19,432,1
 55,432,1
 33,433,1
 50,433,1
 22,433,1
 3,433,1
 33,434,1
 3,434,1
 37,434,1
 9,434,1
 19,434,1
 4,434,1
 13,435,1
 35,435,1
 55,435,1
 30,435,1
 51,435,1
 14,436,1
 3,436,1
 34,437,1
 31,437,1
 56,437,1
 27,437,1
 55,438,1
 7,439,1
 5,439,1
 2,440,1
 36,440,1
 41,440,1
 10,441,1
 36,441,1
 14,441,1
 41,441,1
 4,441,1
 17,442,1
 36,442,1
 22,442,1
 28,442,1
 49,442,1
 41,442,1
 13,443,1
 15,444,1
 54,444,1
 13,444,1
 36,444,1
 39,445,1
 50,445,1
 21,445,1
 42,445,1
 37,445,1
 49,445,1
 42,446,1
 3,446,1
 41,446,1
 39,447,1
 10,447,1
 53,447,1
 21,447,1
 49,447,1
 16,447,1
 10,448,1
 34,448,1
 32,448,1
 3,448,1
 31,448,1
 41,448,1
 51,448,1
 10,449,1
 17,449,1
 14,449,1
 41,449,1
 55,449,1
 14,450,1
 41,450,1
 14,451,1
 3,451,1
 35,451,1
 55,451,1
 10,452,1
 13,452,1
 17,452,1
 21,452,1
 22,452,1
 49,452,1
 16,452,1
 10,453,1
 21,453,1
 37,453,1
 48,453,1
 41,453,1
 55,453,1
 17,454,1
 14,454,1
 31,454,1
 41,454,1
 10,455,1
 13,455,1
 17,455,1
 21,455,1
 28,455,1
 16,455,1
 15,456,1
 53,456,1
 41,456,1
 13,457,1
 36,457,1
 3,457,1
 36,458,1
 37,458,1
 48,458,1
 41,458,1
 55,458,1
 15,459,1
 14,459,1
 19,459,1
 16,459,1
 4,459,1
 13,460,1
 21,460,1
 14,460,1
 16,460,1
 13,461,1
 40,461,1
 7,461,1
 12,461,1
 39,462,1
 2,462,1
 48,462,1
 8,462,1
 56,462,1
 11,462,1
 27,462,1
 10,463,1
 21,463,1
 41,463,1
 16,463,1
 55,463,1
 10,464,1
 34,464,1
 31,464,1
 41,464,1
 16,464,1
 14,465,1
 42,465,1
 3,465,1
 48,465,1
 10,466,1
 37,466,1
 48,466,1
 41,466,1
 55,466,1
 10,467,1
 32,467,1
 37,467,1
 12,467,1
 41,467,1
 4,467,1
 50,468,1
 3,468,1
 30,468,1
 10,469,1
 50,469,1
 36,469,1
 37,469,1
 41,469,1
 10,470,1
 32,470,1
 12,470,1
 41,470,1
 15,471,1
 37,471,1
 55,471,1
 4,471,1
 38,472,1
 13,472,1
 14,472,1
 22,472,1
 12,472,1
 4,472,1
 10,473,1
 32,473,1
 40,474,1
 12,474,1
 19,474,1
 4,474,1
 51,474,1
 3,475,1
 37,475,1
 48,475,1
 55,475,1
 20,475,1
 17,476,1
 21,476,1
 14,476,1
 41,476,1
 19,476,1
 52,476,1
 10,477,1
 34,477,1
 32,477,1
 3,477,1
 51,477,1
 10,478,1
 53,478,1
 17,478,1
 41,478,1
 16,478,1
 10,479,1
 38,479,1
 17,479,1
 42,479,1
 48,479,1
 55,479,1
 39,480,1
 17,480,1
 14,480,1
 12,480,1
 18,480,1
 20,480,1
 36,481,1
 41,481,1
 15,482,1
 54,482,1
 13,482,1
 17,482,1
 5,482,1
 15,483,1
 53,483,1
 36,483,1
 14,483,1
 41,483,1
 10,484,1
 15,484,1
 17,484,1
 22,484,1
 41,484,1
 16,484,1
 22,485,1
 8,485,1
 12,485,1
 6,485,1
 52,485,1
 10,486,1
 15,486,1
 13,486,1
 17,486,1
 22,486,1
 16,486,1
 16,487,1
 23,488,1
 34,488,1
 14,488,1
 3,488,1
 31,488,1
 11,488,1
 5,488,1
 26,489,1
 2,489,1
 50,489,1
 30,489,1
 34,490,1
 3,490,1
 55,490,1
 4,490,1
 1,491,1
 50,491,1
 14,491,1
 31,492,1
 51,492,1
 30,493,1
 2,494,1
 1,494,1
 14,495,1
 3,495,1
 35,495,1
 31,495,1
 8,495,1
 51,495,1
 8,496,1
 18,496,1
 22,497,1
 35,497,1
 37,497,1
 7,497,1
 56,497,1
 19,497,1
 57,498,1
 1,498,1
 57,499,1
 1,499,1
 14,500,1
 19,500,1
 37,501,1
 8,501,1
 18,501,1
 55,501,1
 42,502,1
 37,502,1
 19,502,1
 55,502,1
 51,502,1
 1,503,1
 31,503,1
 37,503,1
 18,503,1
 39,504,1
 42,504,1
 37,504,1
 19,504,1
 51,504,1
 33,505,1
 34,505,1
 22,505,1
 56,505,1
 51,505,1
 2,506,1
 1,506,1
 3,506,1
 37,506,1
 4,506,1
 57,507,1
 1,507,1
 3,507,1
 8,507,1
 18,507,1
 55,507,1
 34,508,1
 54,508,1
 13,508,1
 28,508,1
 3,508,1
 1,509,1
 3,509,1
 49,509,1
 55,509,1
 1,510,1
 3,510,1
 18,510,1
 55,510,1
 30,510,1
 37,511,1
 55,511,1
 4,511,1
 25,512,1
 3,512,1
 19,512,1
 39,513,1
 42,514,1
 39,515,1
 37,515,1
 55,515,1
 2,516,1
 3,516,1
 37,516,1
 55,516,1
 14,517,1
 3,517,1
 35,517,1
 8,517,1
 18,517,1
 57,518,1
 32,518,1
 3,518,1
 35,518,1
 42,519,1
 55,519,1
 3,520,1
 55,520,1
 13,521,1
 3,521,1
 37,521,1
 55,521,1
 30,521,1
 51,521,1
 3,522,1
 30,522,1
 57,523,1
 3,523,1
 37,523,1
 4,523,1
 51,523,1
 38,524,1
 18,524,1
 30,524,1
 20,524,1
 52,524,1
 14,525,1
 42,525,1
 18,525,1
 55,525,1
 40,526,1
 55,526,1
 51,526,1
 38,527,1
 50,527,1
 36,527,1
 19,527,1
 20,527,1
 51,527,1
 28,528,1
 7,528,1
 20,528,1
 39,529,1
 5,529,1
 17,530,1
 21,530,1
 37,530,1
 41,530,1
 30,530,1
 10,531,1
 13,531,1
 21,531,1
 14,531,1
 28,531,1
 8,531,1
 21,532,1
 55,532,1
 51,532,1
 38,533,1
 32,533,1
 17,533,1
 22,533,1
 42,533,1
 41,533,1
 50,534,1
 32,534,1
 37,534,1
 15,535,1
 57,535,1
 40,535,1
 8,535,1
 39,536,1
 22,536,1
 2,537,1
 32,537,1
 50,538,1
 28,538,1
 12,538,1
 19,538,1
 16,538,1
 39,539,1
 15,539,1
 34,539,1
 37,539,1
 55,539,1
 10,540,1
 32,540,1
 14,540,1
 19,540,1
 55,540,1
 10,541,1
 17,541,1
 3,541,1
 41,541,1
 57,542,1
 50,542,1
 21,542,1
 16,542,1
 52,542,1
 15,543,1
 57,543,1
 17,543,1
 41,543,1
 16,543,1
 39,544,1
 34,544,1
 32,544,1
 21,544,1
 37,544,1
 55,544,1
 4,544,1
 38,545,1
 3,545,1
 8,545,1
 41,545,1
 51,545,1
 15,546,1
 28,546,1
 41,546,1
 16,546,1
 57,547,1
 17,547,1
 3,547,1
 41,547,1
 16,547,1
 29,548,1
 3,548,1
 37,548,1
 55,548,1
 20,548,1
 23,549,1
 32,549,1
 12,549,1
 30,549,1
 10,550,1
 57,550,1
 17,550,1
 39,551,1
 2,551,1
 34,551,1
 21,551,1
 42,551,1
 37,551,1
 42,552,1
 19,552,1
 51,552,1
 39,553,1
 50,553,1
 42,553,1
 3,553,1
 55,553,1
 39,554,1
 50,554,1
 42,554,1
 3,554,1
 55,554,1
 37,555,1
 8,555,1
 16,555,1
 55,555,1
 14,556,1
 42,556,1
 3,556,1
 19,556,1
 55,556,1
 38,557,1
 2,557,1
 54,557,1
 32,557,1
 40,557,1
 41,557,1
 39,558,1
 34,558,1
 32,558,1
 37,558,1
 55,558,1
 10,559,1
 21,559,1
 41,559,1
 57,560,1
 50,560,1
 21,560,1
 16,560,1
 52,560,1
 39,561,1
 34,561,1
 32,561,1
 21,561,1
 37,561,1
 10,562,1
 17,562,1
 14,562,1
 21,563,1
 41,563,1
 16,563,1
 57,564,1
 14,564,1
 3,564,1
 35,564,1
 31,564,1
 51,564,1
 33,565,1
 42,565,1
 3,565,1
 55,565,1
 20,565,1
 53,566,1
 50,566,1
 32,566,1
 3,566,1
 41,566,1
 38,567,1
 31,567,1
 40,567,1
 55,567,1
 38,568,1
 32,568,1
 35,568,1
 30,568,1
 51,568,1
 33,569,1
 57,569,1
 1,569,1
 8,569,1
 11,570,1
 30,570,1
 57,571,1
 1,571,1
 3,571,1
 35,571,1
 55,571,1
 30,571,1
 33,572,1
 50,572,1
 14,572,1
 3,572,1
 50,573,1
 14,573,1
 3,573,1
 9,573,1
 50,574,1
 3,574,1
 37,574,1
 23,575,1
 39,575,1
 14,575,1
 16,575,1
 20,575,1
 10,576,1
 15,576,1
 1,576,1
 55,576,1
 23,577,1
 10,577,1
 50,577,1
 32,577,1
 3,577,1
 41,577,1
 39,578,1
 3,578,1
 16,578,1
 20,578,1
 12,579,1
 18,579,1
 30,579,1
 50,580,1
 42,580,1
 48,580,1
 41,580,1
 55,580,1
 20,580,1
